,crypto,mse,predicted_volatility
BTC-USD,BTC-USD,0.0023754426314791383,0.033731678506326794
ETH-USD,ETH-USD,0.003679630382347166,0.04532609463780205
BNB-USD,BNB-USD,0.0039904706864436965,0.032772304414903815
ADA-USD,ADA-USD,0.005112084434789003,0.07189474713678261
